{
    "DZA": {
      "region-code": "002",
      "region-name": "Africa",
      "sub-region-code": "015",
      "sub-region-name": "Northern Africa",
      "intermediate-region-code": null,
      "intermediate-region-name": null,
      "country-or-area": "Algeria",
      "M49-code": "012",
      "iso-alpha2": "DZ",
      "iso-alpha3": "DZA"
    },
    "EGY": {
      "region-code": "002",
      "region-name": "Africa",
      "sub-region-code": "015",
      "sub-region-name": "Northern Africa",
      "intermediate-region-code": null,
      "intermediate-region-name": null,
      "country-or-area": "Egypt",
      "M49-code": 818,
      "iso-alpha2": "EG",
      "iso-alpha3": "EGY"
    },
    "LBY": {
      "region-code": "002",
      "region-name": "Africa",
      "sub-region-code": "015",
      "sub-region-name": "Northern Africa",
      "intermediate-region-code": null,
      "intermediate-region-name": null,
      "country-or-area": "Libya",
      "M49-code": 434,
      "iso-alpha2": "LY",
      "iso-alpha3": "LBY"
    },
    "MAR": {
      "region-code": "002",
      "region-name": "Africa",
      "sub-region-code": "015",
      "sub-region-name": "Northern Africa",
      "intermediate-region-code": null,
      "intermediate-region-name": null,
      "country-or-area": "Morocco",
      "M49-code": 504,
      "iso-alpha2": "MA",
      "iso-alpha3": "MAR"
    },
    "SDN": {
      "region-code": "002",
      "region-name": "Africa",
      "sub-region-code": "015",
      "sub-region-name": "Northern Africa",
      "intermediate-region-code": null,
      "intermediate-region-name": null,
      "country-or-area": "Sudan",
      "M49-code": 729,
      "iso-alpha2": "SD",
      "iso-alpha3": "SDN"
    },
    "TUN": {
      "region-code": "002",
      "region-name": "Africa",
      "sub-region-code": "015",
      "sub-region-name": "Northern Africa",
      "intermediate-region-code": null,
      "intermediate-region-name": null,
      "country-or-area": "Tunisia",
      "M49-code": 788,
      "iso-alpha2": "TN",
      "iso-alpha3": "TUN"
    },
    "ESH": {
      "region-code": "002",
      "region-name": "Africa",
      "sub-region-code": "015",
      "sub-region-name": "Northern Africa",
      "intermediate-region-code": null,
      "intermediate-region-name": null,
      "country-or-area": "Western Sahara",
      "M49-code": 732,
      "iso-alpha2": "EH",
      "iso-alpha3": "ESH"
    },
    "IOT": {
      "region-code": "002",
      "region-name": "Africa",
      "sub-region-code": 202,
      "sub-region-name": "Sub-Saharan Africa",
      "intermediate-region-code": "014",
      "intermediate-region-name": "Eastern Africa",
      "country-or-area": "British Indian Ocean Territory",
      "M49-code": "086",
      "iso-alpha2": "IO",
      "iso-alpha3": "IOT"
    },
    "BDI": {
      "region-code": "002",
      "region-name": "Africa",
      "sub-region-code": 202,
      "sub-region-name": "Sub-Saharan Africa",
      "intermediate-region-code": "014",
      "intermediate-region-name": "Eastern Africa",
      "country-or-area": "Burundi",
      "M49-code": 108,
      "iso-alpha2": "BI",
      "iso-alpha3": "BDI"
    },
    "COM": {
      "region-code": "002",
      "region-name": "Africa",
      "sub-region-code": 202,
      "sub-region-name": "Sub-Saharan Africa",
      "intermediate-region-code": "014",
      "intermediate-region-name": "Eastern Africa",
      "country-or-area": "Comoros",
      "M49-code": 174,
      "iso-alpha2": "KM",
      "iso-alpha3": "COM"
    },
    "DJI": {
      "region-code": "002",
      "region-name": "Africa",
      "sub-region-code": 202,
      "sub-region-name": "Sub-Saharan Africa",
      "intermediate-region-code": "014",
      "intermediate-region-name": "Eastern Africa",
      "country-or-area": "Djibouti",
      "M49-code": 262,
      "iso-alpha2": "DJ",
      "iso-alpha3": "DJI"
    },
    "ERI": {
      "region-code": "002",
      "region-name": "Africa",
      "sub-region-code": 202,
      "sub-region-name": "Sub-Saharan Africa",
      "intermediate-region-code": "014",
      "intermediate-region-name": "Eastern Africa",
      "country-or-area": "Eritrea",
      "M49-code": 232,
      "iso-alpha2": "ER",
      "iso-alpha3": "ERI"
    },
    "ETH": {
      "region-code": "002",
      "region-name": "Africa",
      "sub-region-code": 202,
      "sub-region-name": "Sub-Saharan Africa",
      "intermediate-region-code": "014",
      "intermediate-region-name": "Eastern Africa",
      "country-or-area": "Ethiopia",
      "M49-code": 231,
      "iso-alpha2": "ET",
      "iso-alpha3": "ETH"
    },
    "ATF": {
      "region-code": "002",
      "region-name": "Africa",
      "sub-region-code": 202,
      "sub-region-name": "Sub-Saharan Africa",
      "intermediate-region-code": "014",
      "intermediate-region-name": "Eastern Africa",
      "country-or-area": "French Southern Territories",
      "M49-code": 260,
      "iso-alpha2": "TF",
      "iso-alpha3": "ATF"
    },
    "KEN": {
      "region-code": "002",
      "region-name": "Africa",
      "sub-region-code": 202,
      "sub-region-name": "Sub-Saharan Africa",
      "intermediate-region-code": "014",
      "intermediate-region-name": "Eastern Africa",
      "country-or-area": "Kenya",
      "M49-code": 404,
      "iso-alpha2": "KE",
      "iso-alpha3": "KEN"
    },
    "MDG": {
      "region-code": "002",
      "region-name": "Africa",
      "sub-region-code": 202,
      "sub-region-name": "Sub-Saharan Africa",
      "intermediate-region-code": "014",
      "intermediate-region-name": "Eastern Africa",
      "country-or-area": "Madagascar",
      "M49-code": 450,
      "iso-alpha2": "MG",
      "iso-alpha3": "MDG"
    },
    "MWI": {
      "region-code": "002",
      "region-name": "Africa",
      "sub-region-code": 202,
      "sub-region-name": "Sub-Saharan Africa",
      "intermediate-region-code": "014",
      "intermediate-region-name": "Eastern Africa",
      "country-or-area": "Malawi",
      "M49-code": 454,
      "iso-alpha2": "MW",
      "iso-alpha3": "MWI"
    },
    "MUS": {
      "region-code": "002",
      "region-name": "Africa",
      "sub-region-code": 202,
      "sub-region-name": "Sub-Saharan Africa",
      "intermediate-region-code": "014",
      "intermediate-region-name": "Eastern Africa",
      "country-or-area": "Mauritius",
      "M49-code": 480,
      "iso-alpha2": "MU",
      "iso-alpha3": "MUS"
    },
    "MYT": {
      "region-code": "002",
      "region-name": "Africa",
      "sub-region-code": 202,
      "sub-region-name": "Sub-Saharan Africa",
      "intermediate-region-code": "014",
      "intermediate-region-name": "Eastern Africa",
      "country-or-area": "Mayotte",
      "M49-code": 175,
      "iso-alpha2": "YT",
      "iso-alpha3": "MYT"
    },
    "MOZ": {
      "region-code": "002",
      "region-name": "Africa",
      "sub-region-code": 202,
      "sub-region-name": "Sub-Saharan Africa",
      "intermediate-region-code": "014",
      "intermediate-region-name": "Eastern Africa",
      "country-or-area": "Mozambique",
      "M49-code": 508,
      "iso-alpha2": "MZ",
      "iso-alpha3": "MOZ"
    },
    "REU": {
      "region-code": "002",
      "region-name": "Africa",
      "sub-region-code": 202,
      "sub-region-name": "Sub-Saharan Africa",
      "intermediate-region-code": "014",
      "intermediate-region-name": "Eastern Africa",
      "country-or-area": "Réunion",
      "M49-code": 638,
      "iso-alpha2": "RE",
      "iso-alpha3": "REU"
    },
    "RWA": {
      "region-code": "002",
      "region-name": "Africa",
      "sub-region-code": 202,
      "sub-region-name": "Sub-Saharan Africa",
      "intermediate-region-code": "014",
      "intermediate-region-name": "Eastern Africa",
      "country-or-area": "Rwanda",
      "M49-code": 646,
      "iso-alpha2": "RW",
      "iso-alpha3": "RWA"
    },
    "SYC": {
      "region-code": "002",
      "region-name": "Africa",
      "sub-region-code": 202,
      "sub-region-name": "Sub-Saharan Africa",
      "intermediate-region-code": "014",
      "intermediate-region-name": "Eastern Africa",
      "country-or-area": "Seychelles",
      "M49-code": 690,
      "iso-alpha2": "SC",
      "iso-alpha3": "SYC"
    },
    "SOM": {
      "region-code": "002",
      "region-name": "Africa",
      "sub-region-code": 202,
      "sub-region-name": "Sub-Saharan Africa",
      "intermediate-region-code": "014",
      "intermediate-region-name": "Eastern Africa",
      "country-or-area": "Somalia",
      "M49-code": 706,
      "iso-alpha2": "SO",
      "iso-alpha3": "SOM"
    },
    "SSD": {
      "region-code": "002",
      "region-name": "Africa",
      "sub-region-code": 202,
      "sub-region-name": "Sub-Saharan Africa",
      "intermediate-region-code": "014",
      "intermediate-region-name": "Eastern Africa",
      "country-or-area": "South Sudan",
      "M49-code": 728,
      "iso-alpha2": "SS",
      "iso-alpha3": "SSD"
    },
    "UGA": {
      "region-code": "002",
      "region-name": "Africa",
      "sub-region-code": 202,
      "sub-region-name": "Sub-Saharan Africa",
      "intermediate-region-code": "014",
      "intermediate-region-name": "Eastern Africa",
      "country-or-area": "Uganda",
      "M49-code": 800,
      "iso-alpha2": "UG",
      "iso-alpha3": "UGA"
    },
    "TZA": {
      "region-code": "002",
      "region-name": "Africa",
      "sub-region-code": 202,
      "sub-region-name": "Sub-Saharan Africa",
      "intermediate-region-code": "014",
      "intermediate-region-name": "Eastern Africa",
      "country-or-area": "United Republic of Tanzania",
      "M49-code": 834,
      "iso-alpha2": "TZ",
      "iso-alpha3": "TZA"
    },
    "ZMB": {
      "region-code": "002",
      "region-name": "Africa",
      "sub-region-code": 202,
      "sub-region-name": "Sub-Saharan Africa",
      "intermediate-region-code": "014",
      "intermediate-region-name": "Eastern Africa",
      "country-or-area": "Zambia",
      "M49-code": 894,
      "iso-alpha2": "ZM",
      "iso-alpha3": "ZMB"
    },
    "ZWE": {
      "region-code": "002",
      "region-name": "Africa",
      "sub-region-code": 202,
      "sub-region-name": "Sub-Saharan Africa",
      "intermediate-region-code": "014",
      "intermediate-region-name": "Eastern Africa",
      "country-or-area": "Zimbabwe",
      "M49-code": 716,
      "iso-alpha2": "ZW",
      "iso-alpha3": "ZWE"
    },
    "AGO": {
      "region-code": "002",
      "region-name": "Africa",
      "sub-region-code": 202,
      "sub-region-name": "Sub-Saharan Africa",
      "intermediate-region-code": "017",
      "intermediate-region-name": "Middle Africa",
      "country-or-area": "Angola",
      "M49-code": "024",
      "iso-alpha2": "AO",
      "iso-alpha3": "AGO"
    },
    "CMR": {
      "region-code": "002",
      "region-name": "Africa",
      "sub-region-code": 202,
      "sub-region-name": "Sub-Saharan Africa",
      "intermediate-region-code": "017",
      "intermediate-region-name": "Middle Africa",
      "country-or-area": "Cameroon",
      "M49-code": 120,
      "iso-alpha2": "CM",
      "iso-alpha3": "CMR"
    },
    "CAF": {
      "region-code": "002",
      "region-name": "Africa",
      "sub-region-code": 202,
      "sub-region-name": "Sub-Saharan Africa",
      "intermediate-region-code": "017",
      "intermediate-region-name": "Middle Africa",
      "country-or-area": "Central African Republic",
      "M49-code": 140,
      "iso-alpha2": "CF",
      "iso-alpha3": "CAF"
    },
    "TCD": {
      "region-code": "002",
      "region-name": "Africa",
      "sub-region-code": 202,
      "sub-region-name": "Sub-Saharan Africa",
      "intermediate-region-code": "017",
      "intermediate-region-name": "Middle Africa",
      "country-or-area": "Chad",
      "M49-code": 148,
      "iso-alpha2": "TD",
      "iso-alpha3": "TCD"
    },
    "COG": {
      "region-code": "002",
      "region-name": "Africa",
      "sub-region-code": 202,
      "sub-region-name": "Sub-Saharan Africa",
      "intermediate-region-code": "017",
      "intermediate-region-name": "Middle Africa",
      "country-or-area": "Congo",
      "M49-code": 178,
      "iso-alpha2": "CG",
      "iso-alpha3": "COG"
    },
    "COD": {
      "region-code": "002",
      "region-name": "Africa",
      "sub-region-code": 202,
      "sub-region-name": "Sub-Saharan Africa",
      "intermediate-region-code": "017",
      "intermediate-region-name": "Middle Africa",
      "country-or-area": "Democratic Republic of the Congo",
      "M49-code": 180,
      "iso-alpha2": "CD",
      "iso-alpha3": "COD"
    },
    "GNQ": {
      "region-code": "002",
      "region-name": "Africa",
      "sub-region-code": 202,
      "sub-region-name": "Sub-Saharan Africa",
      "intermediate-region-code": "017",
      "intermediate-region-name": "Middle Africa",
      "country-or-area": "Equatorial Guinea",
      "M49-code": 226,
      "iso-alpha2": "GQ",
      "iso-alpha3": "GNQ"
    },
    "GAB": {
      "region-code": "002",
      "region-name": "Africa",
      "sub-region-code": 202,
      "sub-region-name": "Sub-Saharan Africa",
      "intermediate-region-code": "017",
      "intermediate-region-name": "Middle Africa",
      "country-or-area": "Gabon",
      "M49-code": 266,
      "iso-alpha2": "GA",
      "iso-alpha3": "GAB"
    },
    "STP": {
      "region-code": "002",
      "region-name": "Africa",
      "sub-region-code": 202,
      "sub-region-name": "Sub-Saharan Africa",
      "intermediate-region-code": "017",
      "intermediate-region-name": "Middle Africa",
      "country-or-area": "Sao Tome and Principe",
      "M49-code": 678,
      "iso-alpha2": "ST",
      "iso-alpha3": "STP"
    },
    "BWA": {
      "region-code": "002",
      "region-name": "Africa",
      "sub-region-code": 202,
      "sub-region-name": "Sub-Saharan Africa",
      "intermediate-region-code": "018",
      "intermediate-region-name": "Southern Africa",
      "country-or-area": "Botswana",
      "M49-code": "072",
      "iso-alpha2": "BW",
      "iso-alpha3": "BWA"
    },
    "SWZ": {
      "region-code": "002",
      "region-name": "Africa",
      "sub-region-code": 202,
      "sub-region-name": "Sub-Saharan Africa",
      "intermediate-region-code": "018",
      "intermediate-region-name": "Southern Africa",
      "country-or-area": "Eswatini",
      "M49-code": 748,
      "iso-alpha2": "SZ",
      "iso-alpha3": "SWZ"
    },
    "LSO": {
      "region-code": "002",
      "region-name": "Africa",
      "sub-region-code": 202,
      "sub-region-name": "Sub-Saharan Africa",
      "intermediate-region-code": "018",
      "intermediate-region-name": "Southern Africa",
      "country-or-area": "Lesotho",
      "M49-code": 426,
      "iso-alpha2": "LS",
      "iso-alpha3": "LSO"
    },
    "NAM": {
      "region-code": "002",
      "region-name": "Africa",
      "sub-region-code": 202,
      "sub-region-name": "Sub-Saharan Africa",
      "intermediate-region-code": "018",
      "intermediate-region-name": "Southern Africa",
      "country-or-area": "Namibia",
      "M49-code": 516,
      "iso-alpha2": "NA",
      "iso-alpha3": "NAM"
    },
    "ZAF": {
      "region-code": "002",
      "region-name": "Africa",
      "sub-region-code": 202,
      "sub-region-name": "Sub-Saharan Africa",
      "intermediate-region-code": "018",
      "intermediate-region-name": "Southern Africa",
      "country-or-area": "South Africa",
      "M49-code": 710,
      "iso-alpha2": "ZA",
      "iso-alpha3": "ZAF"
    },
    "BEN": {
      "region-code": "002",
      "region-name": "Africa",
      "sub-region-code": 202,
      "sub-region-name": "Sub-Saharan Africa",
      "intermediate-region-code": "011",
      "intermediate-region-name": "Western Africa",
      "country-or-area": "Benin",
      "M49-code": 204,
      "iso-alpha2": "BJ",
      "iso-alpha3": "BEN"
    },
    "BFA": {
      "region-code": "002",
      "region-name": "Africa",
      "sub-region-code": 202,
      "sub-region-name": "Sub-Saharan Africa",
      "intermediate-region-code": "011",
      "intermediate-region-name": "Western Africa",
      "country-or-area": "Burkina Faso",
      "M49-code": 854,
      "iso-alpha2": "BF",
      "iso-alpha3": "BFA"
    },
    "CPV": {
      "region-code": "002",
      "region-name": "Africa",
      "sub-region-code": 202,
      "sub-region-name": "Sub-Saharan Africa",
      "intermediate-region-code": "011",
      "intermediate-region-name": "Western Africa",
      "country-or-area": "Cabo Verde",
      "M49-code": 132,
      "iso-alpha2": "CV",
      "iso-alpha3": "CPV"
    },
    "CIV": {
      "region-code": "002",
      "region-name": "Africa",
      "sub-region-code": 202,
      "sub-region-name": "Sub-Saharan Africa",
      "intermediate-region-code": "011",
      "intermediate-region-name": "Western Africa",
      "country-or-area": "Côte d’Ivoire",
      "M49-code": 384,
      "iso-alpha2": "CI",
      "iso-alpha3": "CIV"
    },
    "GMB": {
      "region-code": "002",
      "region-name": "Africa",
      "sub-region-code": 202,
      "sub-region-name": "Sub-Saharan Africa",
      "intermediate-region-code": "011",
      "intermediate-region-name": "Western Africa",
      "country-or-area": "Gambia",
      "M49-code": 270,
      "iso-alpha2": "GM",
      "iso-alpha3": "GMB"
    },
    "GHA": {
      "region-code": "002",
      "region-name": "Africa",
      "sub-region-code": 202,
      "sub-region-name": "Sub-Saharan Africa",
      "intermediate-region-code": "011",
      "intermediate-region-name": "Western Africa",
      "country-or-area": "Ghana",
      "M49-code": 288,
      "iso-alpha2": "GH",
      "iso-alpha3": "GHA"
    },
    "GIN": {
      "region-code": "002",
      "region-name": "Africa",
      "sub-region-code": 202,
      "sub-region-name": "Sub-Saharan Africa",
      "intermediate-region-code": "011",
      "intermediate-region-name": "Western Africa",
      "country-or-area": "Guinea",
      "M49-code": 324,
      "iso-alpha2": "GN",
      "iso-alpha3": "GIN"
    },
    "GNB": {
      "region-code": "002",
      "region-name": "Africa",
      "sub-region-code": 202,
      "sub-region-name": "Sub-Saharan Africa",
      "intermediate-region-code": "011",
      "intermediate-region-name": "Western Africa",
      "country-or-area": "Guinea-Bissau",
      "M49-code": 624,
      "iso-alpha2": "GW",
      "iso-alpha3": "GNB"
    },
    "LBR": {
      "region-code": "002",
      "region-name": "Africa",
      "sub-region-code": 202,
      "sub-region-name": "Sub-Saharan Africa",
      "intermediate-region-code": "011",
      "intermediate-region-name": "Western Africa",
      "country-or-area": "Liberia",
      "M49-code": 430,
      "iso-alpha2": "LR",
      "iso-alpha3": "LBR"
    },
    "MLI": {
      "region-code": "002",
      "region-name": "Africa",
      "sub-region-code": 202,
      "sub-region-name": "Sub-Saharan Africa",
      "intermediate-region-code": "011",
      "intermediate-region-name": "Western Africa",
      "country-or-area": "Mali",
      "M49-code": 466,
      "iso-alpha2": "ML",
      "iso-alpha3": "MLI"
    },
    "MRT": {
      "region-code": "002",
      "region-name": "Africa",
      "sub-region-code": 202,
      "sub-region-name": "Sub-Saharan Africa",
      "intermediate-region-code": "011",
      "intermediate-region-name": "Western Africa",
      "country-or-area": "Mauritania",
      "M49-code": 478,
      "iso-alpha2": "MR",
      "iso-alpha3": "MRT"
    },
    "NER": {
      "region-code": "002",
      "region-name": "Africa",
      "sub-region-code": 202,
      "sub-region-name": "Sub-Saharan Africa",
      "intermediate-region-code": "011",
      "intermediate-region-name": "Western Africa",
      "country-or-area": "Niger",
      "M49-code": 562,
      "iso-alpha2": "NE",
      "iso-alpha3": "NER"
    },
    "NGA": {
      "region-code": "002",
      "region-name": "Africa",
      "sub-region-code": 202,
      "sub-region-name": "Sub-Saharan Africa",
      "intermediate-region-code": "011",
      "intermediate-region-name": "Western Africa",
      "country-or-area": "Nigeria",
      "M49-code": 566,
      "iso-alpha2": "NG",
      "iso-alpha3": "NGA"
    },
    "SHN": {
      "region-code": "002",
      "region-name": "Africa",
      "sub-region-code": 202,
      "sub-region-name": "Sub-Saharan Africa",
      "intermediate-region-code": "011",
      "intermediate-region-name": "Western Africa",
      "country-or-area": "Saint Helena",
      "M49-code": 654,
      "iso-alpha2": "SH",
      "iso-alpha3": "SHN"
    },
    "SEN": {
      "region-code": "002",
      "region-name": "Africa",
      "sub-region-code": 202,
      "sub-region-name": "Sub-Saharan Africa",
      "intermediate-region-code": "011",
      "intermediate-region-name": "Western Africa",
      "country-or-area": "Senegal",
      "M49-code": 686,
      "iso-alpha2": "SN",
      "iso-alpha3": "SEN"
    },
    "SLE": {
      "region-code": "002",
      "region-name": "Africa",
      "sub-region-code": 202,
      "sub-region-name": "Sub-Saharan Africa",
      "intermediate-region-code": "011",
      "intermediate-region-name": "Western Africa",
      "country-or-area": "Sierra Leone",
      "M49-code": 694,
      "iso-alpha2": "SL",
      "iso-alpha3": "SLE"
    },
    "TGO": {
      "region-code": "002",
      "region-name": "Africa",
      "sub-region-code": 202,
      "sub-region-name": "Sub-Saharan Africa",
      "intermediate-region-code": "011",
      "intermediate-region-name": "Western Africa",
      "country-or-area": "Togo",
      "M49-code": 768,
      "iso-alpha2": "TG",
      "iso-alpha3": "TGO"
    },
    "AIA": {
      "region-code": "019",
      "region-name": "Americas",
      "sub-region-code": 419,
      "sub-region-name": "Latin America and the Caribbean",
      "intermediate-region-code": "029",
      "intermediate-region-name": "Caribbean",
      "country-or-area": "Anguilla",
      "M49-code": 660,
      "iso-alpha2": "AI",
      "iso-alpha3": "AIA"
    },
    "ATG": {
      "region-code": "019",
      "region-name": "Americas",
      "sub-region-code": 419,
      "sub-region-name": "Latin America and the Caribbean",
      "intermediate-region-code": "029",
      "intermediate-region-name": "Caribbean",
      "country-or-area": "Antigua and Barbuda",
      "M49-code": "028",
      "iso-alpha2": "AG",
      "iso-alpha3": "ATG"
    },
    "ABW": {
      "region-code": "019",
      "region-name": "Americas",
      "sub-region-code": 419,
      "sub-region-name": "Latin America and the Caribbean",
      "intermediate-region-code": "029",
      "intermediate-region-name": "Caribbean",
      "country-or-area": "Aruba",
      "M49-code": 533,
      "iso-alpha2": "AW",
      "iso-alpha3": "ABW"
    },
    "BHS": {
      "region-code": "019",
      "region-name": "Americas",
      "sub-region-code": 419,
      "sub-region-name": "Latin America and the Caribbean",
      "intermediate-region-code": "029",
      "intermediate-region-name": "Caribbean",
      "country-or-area": "Bahamas",
      "M49-code": "044",
      "iso-alpha2": "BS",
      "iso-alpha3": "BHS"
    },
    "BRB": {
      "region-code": "019",
      "region-name": "Americas",
      "sub-region-code": 419,
      "sub-region-name": "Latin America and the Caribbean",
      "intermediate-region-code": "029",
      "intermediate-region-name": "Caribbean",
      "country-or-area": "Barbados",
      "M49-code": "052",
      "iso-alpha2": "BB",
      "iso-alpha3": "BRB"
    },
    "BES": {
      "region-code": "019",
      "region-name": "Americas",
      "sub-region-code": 419,
      "sub-region-name": "Latin America and the Caribbean",
      "intermediate-region-code": "029",
      "intermediate-region-name": "Caribbean",
      "country-or-area": "Bonaire, Sint Eustatius and Saba",
      "M49-code": 535,
      "iso-alpha2": "BQ",
      "iso-alpha3": "BES"
    },
    "VGB": {
      "region-code": "019",
      "region-name": "Americas",
      "sub-region-code": 419,
      "sub-region-name": "Latin America and the Caribbean",
      "intermediate-region-code": "029",
      "intermediate-region-name": "Caribbean",
      "country-or-area": "British Virgin Islands",
      "M49-code": "092",
      "iso-alpha2": "VG",
      "iso-alpha3": "VGB"
    },
    "CYM": {
      "region-code": "019",
      "region-name": "Americas",
      "sub-region-code": 419,
      "sub-region-name": "Latin America and the Caribbean",
      "intermediate-region-code": "029",
      "intermediate-region-name": "Caribbean",
      "country-or-area": "Cayman Islands",
      "M49-code": 136,
      "iso-alpha2": "KY",
      "iso-alpha3": "CYM"
    },
    "CUB": {
      "region-code": "019",
      "region-name": "Americas",
      "sub-region-code": 419,
      "sub-region-name": "Latin America and the Caribbean",
      "intermediate-region-code": "029",
      "intermediate-region-name": "Caribbean",
      "country-or-area": "Cuba",
      "M49-code": 192,
      "iso-alpha2": "CU",
      "iso-alpha3": "CUB"
    },
    "CUW": {
      "region-code": "019",
      "region-name": "Americas",
      "sub-region-code": 419,
      "sub-region-name": "Latin America and the Caribbean",
      "intermediate-region-code": "029",
      "intermediate-region-name": "Caribbean",
      "country-or-area": "Curaçao",
      "M49-code": 531,
      "iso-alpha2": "CW",
      "iso-alpha3": "CUW"
    },
    "DMA": {
      "region-code": "019",
      "region-name": "Americas",
      "sub-region-code": 419,
      "sub-region-name": "Latin America and the Caribbean",
      "intermediate-region-code": "029",
      "intermediate-region-name": "Caribbean",
      "country-or-area": "Dominica",
      "M49-code": 212,
      "iso-alpha2": "DM",
      "iso-alpha3": "DMA"
    },
    "DOM": {
      "region-code": "019",
      "region-name": "Americas",
      "sub-region-code": 419,
      "sub-region-name": "Latin America and the Caribbean",
      "intermediate-region-code": "029",
      "intermediate-region-name": "Caribbean",
      "country-or-area": "Dominican Republic",
      "M49-code": 214,
      "iso-alpha2": "DO",
      "iso-alpha3": "DOM"
    },
    "GRD": {
      "region-code": "019",
      "region-name": "Americas",
      "sub-region-code": 419,
      "sub-region-name": "Latin America and the Caribbean",
      "intermediate-region-code": "029",
      "intermediate-region-name": "Caribbean",
      "country-or-area": "Grenada",
      "M49-code": 308,
      "iso-alpha2": "GD",
      "iso-alpha3": "GRD"
    },
    "GLP": {
      "region-code": "019",
      "region-name": "Americas",
      "sub-region-code": 419,
      "sub-region-name": "Latin America and the Caribbean",
      "intermediate-region-code": "029",
      "intermediate-region-name": "Caribbean",
      "country-or-area": "Guadeloupe",
      "M49-code": 312,
      "iso-alpha2": "GP",
      "iso-alpha3": "GLP"
    },
    "HTI": {
      "region-code": "019",
      "region-name": "Americas",
      "sub-region-code": 419,
      "sub-region-name": "Latin America and the Caribbean",
      "intermediate-region-code": "029",
      "intermediate-region-name": "Caribbean",
      "country-or-area": "Haiti",
      "M49-code": 332,
      "iso-alpha2": "HT",
      "iso-alpha3": "HTI"
    },
    "JAM": {
      "region-code": "019",
      "region-name": "Americas",
      "sub-region-code": 419,
      "sub-region-name": "Latin America and the Caribbean",
      "intermediate-region-code": "029",
      "intermediate-region-name": "Caribbean",
      "country-or-area": "Jamaica",
      "M49-code": 388,
      "iso-alpha2": "JM",
      "iso-alpha3": "JAM"
    },
    "MTQ": {
      "region-code": "019",
      "region-name": "Americas",
      "sub-region-code": 419,
      "sub-region-name": "Latin America and the Caribbean",
      "intermediate-region-code": "029",
      "intermediate-region-name": "Caribbean",
      "country-or-area": "Martinique",
      "M49-code": 474,
      "iso-alpha2": "MQ",
      "iso-alpha3": "MTQ"
    },
    "MSR": {
      "region-code": "019",
      "region-name": "Americas",
      "sub-region-code": 419,
      "sub-region-name": "Latin America and the Caribbean",
      "intermediate-region-code": "029",
      "intermediate-region-name": "Caribbean",
      "country-or-area": "Montserrat",
      "M49-code": 500,
      "iso-alpha2": "MS",
      "iso-alpha3": "MSR"
    },
    "PRI": {
      "region-code": "019",
      "region-name": "Americas",
      "sub-region-code": 419,
      "sub-region-name": "Latin America and the Caribbean",
      "intermediate-region-code": "029",
      "intermediate-region-name": "Caribbean",
      "country-or-area": "Puerto Rico",
      "M49-code": 630,
      "iso-alpha2": "PR",
      "iso-alpha3": "PRI"
    },
    "BLM": {
      "region-code": "019",
      "region-name": "Americas",
      "sub-region-code": 419,
      "sub-region-name": "Latin America and the Caribbean",
      "intermediate-region-code": "029",
      "intermediate-region-name": "Caribbean",
      "country-or-area": "Saint Barthélemy",
      "M49-code": 652,
      "iso-alpha2": "BL",
      "iso-alpha3": "BLM"
    },
    "KNA": {
      "region-code": "019",
      "region-name": "Americas",
      "sub-region-code": 419,
      "sub-region-name": "Latin America and the Caribbean",
      "intermediate-region-code": "029",
      "intermediate-region-name": "Caribbean",
      "country-or-area": "Saint Kitts and Nevis",
      "M49-code": 659,
      "iso-alpha2": "KN",
      "iso-alpha3": "KNA"
    },
    "LCA": {
      "region-code": "019",
      "region-name": "Americas",
      "sub-region-code": 419,
      "sub-region-name": "Latin America and the Caribbean",
      "intermediate-region-code": "029",
      "intermediate-region-name": "Caribbean",
      "country-or-area": "Saint Lucia",
      "M49-code": 662,
      "iso-alpha2": "LC",
      "iso-alpha3": "LCA"
    },
    "MAF": {
      "region-code": "019",
      "region-name": "Americas",
      "sub-region-code": 419,
      "sub-region-name": "Latin America and the Caribbean",
      "intermediate-region-code": "029",
      "intermediate-region-name": "Caribbean",
      "country-or-area": "Saint Martin (French Part)",
      "M49-code": 663,
      "iso-alpha2": "MF",
      "iso-alpha3": "MAF"
    },
    "VCT": {
      "region-code": "019",
      "region-name": "Americas",
      "sub-region-code": 419,
      "sub-region-name": "Latin America and the Caribbean",
      "intermediate-region-code": "029",
      "intermediate-region-name": "Caribbean",
      "country-or-area": "Saint Vincent and the Grenadines",
      "M49-code": 670,
      "iso-alpha2": "VC",
      "iso-alpha3": "VCT"
    },
    "SXM": {
      "region-code": "019",
      "region-name": "Americas",
      "sub-region-code": 419,
      "sub-region-name": "Latin America and the Caribbean",
      "intermediate-region-code": "029",
      "intermediate-region-name": "Caribbean",
      "country-or-area": "Sint Maarten (Dutch part)",
      "M49-code": 534,
      "iso-alpha2": "SX",
      "iso-alpha3": "SXM"
    },
    "TTO": {
      "region-code": "019",
      "region-name": "Americas",
      "sub-region-code": 419,
      "sub-region-name": "Latin America and the Caribbean",
      "intermediate-region-code": "029",
      "intermediate-region-name": "Caribbean",
      "country-or-area": "Trinidad and Tobago",
      "M49-code": 780,
      "iso-alpha2": "TT",
      "iso-alpha3": "TTO"
    },
    "TCA": {
      "region-code": "019",
      "region-name": "Americas",
      "sub-region-code": 419,
      "sub-region-name": "Latin America and the Caribbean",
      "intermediate-region-code": "029",
      "intermediate-region-name": "Caribbean",
      "country-or-area": "Turks and Caicos Islands",
      "M49-code": 796,
      "iso-alpha2": "TC",
      "iso-alpha3": "TCA"
    },
    "VIR": {
      "region-code": "019",
      "region-name": "Americas",
      "sub-region-code": 419,
      "sub-region-name": "Latin America and the Caribbean",
      "intermediate-region-code": "029",
      "intermediate-region-name": "Caribbean",
      "country-or-area": "United States Virgin Islands",
      "M49-code": 850,
      "iso-alpha2": "VI",
      "iso-alpha3": "VIR"
    },
    "BLZ": {
      "region-code": "019",
      "region-name": "Americas",
      "sub-region-code": 419,
      "sub-region-name": "Latin America and the Caribbean",
      "intermediate-region-code": "013",
      "intermediate-region-name": "Central America",
      "country-or-area": "Belize",
      "M49-code": "084",
      "iso-alpha2": "BZ",
      "iso-alpha3": "BLZ"
    },
    "CRI": {
      "region-code": "019",
      "region-name": "Americas",
      "sub-region-code": 419,
      "sub-region-name": "Latin America and the Caribbean",
      "intermediate-region-code": "013",
      "intermediate-region-name": "Central America",
      "country-or-area": "Costa Rica",
      "M49-code": 188,
      "iso-alpha2": "CR",
      "iso-alpha3": "CRI"
    },
    "SLV": {
      "region-code": "019",
      "region-name": "Americas",
      "sub-region-code": 419,
      "sub-region-name": "Latin America and the Caribbean",
      "intermediate-region-code": "013",
      "intermediate-region-name": "Central America",
      "country-or-area": "El Salvador",
      "M49-code": 222,
      "iso-alpha2": "SV",
      "iso-alpha3": "SLV"
    },
    "GTM": {
      "region-code": "019",
      "region-name": "Americas",
      "sub-region-code": 419,
      "sub-region-name": "Latin America and the Caribbean",
      "intermediate-region-code": "013",
      "intermediate-region-name": "Central America",
      "country-or-area": "Guatemala",
      "M49-code": 320,
      "iso-alpha2": "GT",
      "iso-alpha3": "GTM"
    },
    "HND": {
      "region-code": "019",
      "region-name": "Americas",
      "sub-region-code": 419,
      "sub-region-name": "Latin America and the Caribbean",
      "intermediate-region-code": "013",
      "intermediate-region-name": "Central America",
      "country-or-area": "Honduras",
      "M49-code": 340,
      "iso-alpha2": "HN",
      "iso-alpha3": "HND"
    },
    "MEX": {
      "region-code": "019",
      "region-name": "Americas",
      "sub-region-code": 419,
      "sub-region-name": "Latin America and the Caribbean",
      "intermediate-region-code": "013",
      "intermediate-region-name": "Central America",
      "country-or-area": "Mexico",
      "M49-code": 484,
      "iso-alpha2": "MX",
      "iso-alpha3": "MEX"
    },
    "NIC": {
      "region-code": "019",
      "region-name": "Americas",
      "sub-region-code": 419,
      "sub-region-name": "Latin America and the Caribbean",
      "intermediate-region-code": "013",
      "intermediate-region-name": "Central America",
      "country-or-area": "Nicaragua",
      "M49-code": 558,
      "iso-alpha2": "NI",
      "iso-alpha3": "NIC"
    },
    "PAN": {
      "region-code": "019",
      "region-name": "Americas",
      "sub-region-code": 419,
      "sub-region-name": "Latin America and the Caribbean",
      "intermediate-region-code": "013",
      "intermediate-region-name": "Central America",
      "country-or-area": "Panama",
      "M49-code": 591,
      "iso-alpha2": "PA",
      "iso-alpha3": "PAN"
    },
    "ARG": {
      "region-code": "019",
      "region-name": "Americas",
      "sub-region-code": 419,
      "sub-region-name": "Latin America and the Caribbean",
      "intermediate-region-code": "005",
      "intermediate-region-name": "South America",
      "country-or-area": "Argentina",
      "M49-code": "032",
      "iso-alpha2": "AR",
      "iso-alpha3": "ARG"
    },
    "BOL": {
      "region-code": "019",
      "region-name": "Americas",
      "sub-region-code": 419,
      "sub-region-name": "Latin America and the Caribbean",
      "intermediate-region-code": "005",
      "intermediate-region-name": "South America",
      "country-or-area": "Bolivia (Plurinational State of)",
      "M49-code": "068",
      "iso-alpha2": "BO",
      "iso-alpha3": "BOL"
    },
    "BVT": {
      "region-code": "019",
      "region-name": "Americas",
      "sub-region-code": 419,
      "sub-region-name": "Latin America and the Caribbean",
      "intermediate-region-code": "005",
      "intermediate-region-name": "South America",
      "country-or-area": "Bouvet Island",
      "M49-code": "074",
      "iso-alpha2": "BV",
      "iso-alpha3": "BVT"
    },
    "BRA": {
      "region-code": "019",
      "region-name": "Americas",
      "sub-region-code": 419,
      "sub-region-name": "Latin America and the Caribbean",
      "intermediate-region-code": "005",
      "intermediate-region-name": "South America",
      "country-or-area": "Brazil",
      "M49-code": "076",
      "iso-alpha2": "BR",
      "iso-alpha3": "BRA"
    },
    "CHL": {
      "region-code": "019",
      "region-name": "Americas",
      "sub-region-code": 419,
      "sub-region-name": "Latin America and the Caribbean",
      "intermediate-region-code": "005",
      "intermediate-region-name": "South America",
      "country-or-area": "Chile",
      "M49-code": 152,
      "iso-alpha2": "CL",
      "iso-alpha3": "CHL"
    },
    "COL": {
      "region-code": "019",
      "region-name": "Americas",
      "sub-region-code": 419,
      "sub-region-name": "Latin America and the Caribbean",
      "intermediate-region-code": "005",
      "intermediate-region-name": "South America",
      "country-or-area": "Colombia",
      "M49-code": 170,
      "iso-alpha2": "CO",
      "iso-alpha3": "COL"
    },
    "ECU": {
      "region-code": "019",
      "region-name": "Americas",
      "sub-region-code": 419,
      "sub-region-name": "Latin America and the Caribbean",
      "intermediate-region-code": "005",
      "intermediate-region-name": "South America",
      "country-or-area": "Ecuador",
      "M49-code": 218,
      "iso-alpha2": "EC",
      "iso-alpha3": "ECU"
    },
    "FLK": {
      "region-code": "019",
      "region-name": "Americas",
      "sub-region-code": 419,
      "sub-region-name": "Latin America and the Caribbean",
      "intermediate-region-code": "005",
      "intermediate-region-name": "South America",
      "country-or-area": "Falkland Islands (Malvinas)",
      "M49-code": 238,
      "iso-alpha2": "FK",
      "iso-alpha3": "FLK"
    },
    "GUF": {
      "region-code": "019",
      "region-name": "Americas",
      "sub-region-code": 419,
      "sub-region-name": "Latin America and the Caribbean",
      "intermediate-region-code": "005",
      "intermediate-region-name": "South America",
      "country-or-area": "French Guiana",
      "M49-code": 254,
      "iso-alpha2": "GF",
      "iso-alpha3": "GUF"
    },
    "GUY": {
      "region-code": "019",
      "region-name": "Americas",
      "sub-region-code": 419,
      "sub-region-name": "Latin America and the Caribbean",
      "intermediate-region-code": "005",
      "intermediate-region-name": "South America",
      "country-or-area": "Guyana",
      "M49-code": 328,
      "iso-alpha2": "GY",
      "iso-alpha3": "GUY"
    },
    "PRY": {
      "region-code": "019",
      "region-name": "Americas",
      "sub-region-code": 419,
      "sub-region-name": "Latin America and the Caribbean",
      "intermediate-region-code": "005",
      "intermediate-region-name": "South America",
      "country-or-area": "Paraguay",
      "M49-code": 600,
      "iso-alpha2": "PY",
      "iso-alpha3": "PRY"
    },
    "PER": {
      "region-code": "019",
      "region-name": "Americas",
      "sub-region-code": 419,
      "sub-region-name": "Latin America and the Caribbean",
      "intermediate-region-code": "005",
      "intermediate-region-name": "South America",
      "country-or-area": "Peru",
      "M49-code": 604,
      "iso-alpha2": "PE",
      "iso-alpha3": "PER"
    },
    "SGS": {
      "region-code": "019",
      "region-name": "Americas",
      "sub-region-code": 419,
      "sub-region-name": "Latin America and the Caribbean",
      "intermediate-region-code": "005",
      "intermediate-region-name": "South America",
      "country-or-area": "South Georgia and the South Sandwich Islands",
      "M49-code": 239,
      "iso-alpha2": "GS",
      "iso-alpha3": "SGS"
    },
    "SUR": {
      "region-code": "019",
      "region-name": "Americas",
      "sub-region-code": 419,
      "sub-region-name": "Latin America and the Caribbean",
      "intermediate-region-code": "005",
      "intermediate-region-name": "South America",
      "country-or-area": "Suriname",
      "M49-code": 740,
      "iso-alpha2": "SR",
      "iso-alpha3": "SUR"
    },
    "URY": {
      "region-code": "019",
      "region-name": "Americas",
      "sub-region-code": 419,
      "sub-region-name": "Latin America and the Caribbean",
      "intermediate-region-code": "005",
      "intermediate-region-name": "South America",
      "country-or-area": "Uruguay",
      "M49-code": 858,
      "iso-alpha2": "UY",
      "iso-alpha3": "URY"
    },
    "VEN": {
      "region-code": "019",
      "region-name": "Americas",
      "sub-region-code": 419,
      "sub-region-name": "Latin America and the Caribbean",
      "intermediate-region-code": "005",
      "intermediate-region-name": "South America",
      "country-or-area": "Venezuela (Bolivarian Republic of)",
      "M49-code": 862,
      "iso-alpha2": "VE",
      "iso-alpha3": "VEN"
    },
    "BMU": {
      "region-code": "019",
      "region-name": "Americas",
      "sub-region-code": "021",
      "sub-region-name": "Northern America",
      "intermediate-region-code": null,
      "intermediate-region-name": null,
      "country-or-area": "Bermuda",
      "M49-code": "060",
      "iso-alpha2": "BM",
      "iso-alpha3": "BMU"
    },
    "CAN": {
      "region-code": "019",
      "region-name": "Americas",
      "sub-region-code": "021",
      "sub-region-name": "Northern America",
      "intermediate-region-code": null,
      "intermediate-region-name": null,
      "country-or-area": "Canada",
      "M49-code": 124,
      "iso-alpha2": "CA",
      "iso-alpha3": "CAN"
    },
    "GRL": {
      "region-code": "019",
      "region-name": "Americas",
      "sub-region-code": "021",
      "sub-region-name": "Northern America",
      "intermediate-region-code": null,
      "intermediate-region-name": null,
      "country-or-area": "Greenland",
      "M49-code": 304,
      "iso-alpha2": "GL",
      "iso-alpha3": "GRL"
    },
    "SPM": {
      "region-code": "019",
      "region-name": "Americas",
      "sub-region-code": "021",
      "sub-region-name": "Northern America",
      "intermediate-region-code": null,
      "intermediate-region-name": null,
      "country-or-area": "Saint Pierre and Miquelon",
      "M49-code": 666,
      "iso-alpha2": "PM",
      "iso-alpha3": "SPM"
    },
    "USA": {
      "region-code": "019",
      "region-name": "Americas",
      "sub-region-code": "021",
      "sub-region-name": "Northern America",
      "intermediate-region-code": null,
      "intermediate-region-name": null,
      "country-or-area": "United States of America",
      "M49-code": 840,
      "iso-alpha2": "US",
      "iso-alpha3": "USA"
    },
    "ATA": {
      "region-code": null,
      "region-name": null,
      "sub-region-code": null,
      "sub-region-name": null,
      "intermediate-region-code": null,
      "intermediate-region-name": null,
      "country-or-area": "Antarctica",
      "M49-code": "010",
      "iso-alpha2": "AQ",
      "iso-alpha3": "ATA"
    },
    "KAZ": {
      "region-code": 142,
      "region-name": "Asia",
      "sub-region-code": 143,
      "sub-region-name": "Central Asia",
      "intermediate-region-code": null,
      "intermediate-region-name": null,
      "country-or-area": "Kazakhstan",
      "M49-code": 398,
      "iso-alpha2": "KZ",
      "iso-alpha3": "KAZ"
    },
    "KGZ": {
      "region-code": 142,
      "region-name": "Asia",
      "sub-region-code": 143,
      "sub-region-name": "Central Asia",
      "intermediate-region-code": null,
      "intermediate-region-name": null,
      "country-or-area": "Kyrgyzstan",
      "M49-code": 417,
      "iso-alpha2": "KG",
      "iso-alpha3": "KGZ"
    },
    "TJK": {
      "region-code": 142,
      "region-name": "Asia",
      "sub-region-code": 143,
      "sub-region-name": "Central Asia",
      "intermediate-region-code": null,
      "intermediate-region-name": null,
      "country-or-area": "Tajikistan",
      "M49-code": 762,
      "iso-alpha2": "TJ",
      "iso-alpha3": "TJK"
    },
    "TKM": {
      "region-code": 142,
      "region-name": "Asia",
      "sub-region-code": 143,
      "sub-region-name": "Central Asia",
      "intermediate-region-code": null,
      "intermediate-region-name": null,
      "country-or-area": "Turkmenistan",
      "M49-code": 795,
      "iso-alpha2": "TM",
      "iso-alpha3": "TKM"
    },
    "UZB": {
      "region-code": 142,
      "region-name": "Asia",
      "sub-region-code": 143,
      "sub-region-name": "Central Asia",
      "intermediate-region-code": null,
      "intermediate-region-name": null,
      "country-or-area": "Uzbekistan",
      "M49-code": 860,
      "iso-alpha2": "UZ",
      "iso-alpha3": "UZB"
    },
    "CHN": {
      "region-code": 142,
      "region-name": "Asia",
      "sub-region-code": "030",
      "sub-region-name": "Eastern Asia",
      "intermediate-region-code": null,
      "intermediate-region-name": null,
      "country-or-area": "China",
      "M49-code": 156,
      "iso-alpha2": "CN",
      "iso-alpha3": "CHN"
    },
    "HKG": {
      "region-code": 142,
      "region-name": "Asia",
      "sub-region-code": "030",
      "sub-region-name": "Eastern Asia",
      "intermediate-region-code": null,
      "intermediate-region-name": null,
      "country-or-area": "China, Hong Kong Special Administrative Region",
      "M49-code": 344,
      "iso-alpha2": "HK",
      "iso-alpha3": "HKG"
    },
    "MAC": {
      "region-code": 142,
      "region-name": "Asia",
      "sub-region-code": "030",
      "sub-region-name": "Eastern Asia",
      "intermediate-region-code": null,
      "intermediate-region-name": null,
      "country-or-area": "China, Macao Special Administrative Region",
      "M49-code": 446,
      "iso-alpha2": "MO",
      "iso-alpha3": "MAC"
    },
    "PRK": {
      "region-code": 142,
      "region-name": "Asia",
      "sub-region-code": "030",
      "sub-region-name": "Eastern Asia",
      "intermediate-region-code": null,
      "intermediate-region-name": null,
      "country-or-area": "Democratic People's Republic of Korea",
      "M49-code": 408,
      "iso-alpha2": "KP",
      "iso-alpha3": "PRK"
    },
    "JPN": {
      "region-code": 142,
      "region-name": "Asia",
      "sub-region-code": "030",
      "sub-region-name": "Eastern Asia",
      "intermediate-region-code": null,
      "intermediate-region-name": null,
      "country-or-area": "Japan",
      "M49-code": 392,
      "iso-alpha2": "JP",
      "iso-alpha3": "JPN"
    },
    "MNG": {
      "region-code": 142,
      "region-name": "Asia",
      "sub-region-code": "030",
      "sub-region-name": "Eastern Asia",
      "intermediate-region-code": null,
      "intermediate-region-name": null,
      "country-or-area": "Mongolia",
      "M49-code": 496,
      "iso-alpha2": "MN",
      "iso-alpha3": "MNG"
    },
    "KOR": {
      "region-code": 142,
      "region-name": "Asia",
      "sub-region-code": "030",
      "sub-region-name": "Eastern Asia",
      "intermediate-region-code": null,
      "intermediate-region-name": null,
      "country-or-area": "Republic of Korea",
      "M49-code": 410,
      "iso-alpha2": "KR",
      "iso-alpha3": "KOR"
    },
    "BRN": {
      "region-code": 142,
      "region-name": "Asia",
      "sub-region-code": "035",
      "sub-region-name": "South-eastern Asia",
      "intermediate-region-code": null,
      "intermediate-region-name": null,
      "country-or-area": "Brunei Darussalam",
      "M49-code": "096",
      "iso-alpha2": "BN",
      "iso-alpha3": "BRN"
    },
    "KHM": {
      "region-code": 142,
      "region-name": "Asia",
      "sub-region-code": "035",
      "sub-region-name": "South-eastern Asia",
      "intermediate-region-code": null,
      "intermediate-region-name": null,
      "country-or-area": "Cambodia",
      "M49-code": 116,
      "iso-alpha2": "KH",
      "iso-alpha3": "KHM"
    },
    "IDN": {
      "region-code": 142,
      "region-name": "Asia",
      "sub-region-code": "035",
      "sub-region-name": "South-eastern Asia",
      "intermediate-region-code": null,
      "intermediate-region-name": null,
      "country-or-area": "Indonesia",
      "M49-code": 360,
      "iso-alpha2": "ID",
      "iso-alpha3": "IDN"
    },
    "LAO": {
      "region-code": 142,
      "region-name": "Asia",
      "sub-region-code": "035",
      "sub-region-name": "South-eastern Asia",
      "intermediate-region-code": null,
      "intermediate-region-name": null,
      "country-or-area": "Lao People's Democratic Republic",
      "M49-code": 418,
      "iso-alpha2": "LA",
      "iso-alpha3": "LAO"
    },
    "MYS": {
      "region-code": 142,
      "region-name": "Asia",
      "sub-region-code": "035",
      "sub-region-name": "South-eastern Asia",
      "intermediate-region-code": null,
      "intermediate-region-name": null,
      "country-or-area": "Malaysia",
      "M49-code": 458,
      "iso-alpha2": "MY",
      "iso-alpha3": "MYS"
    },
    "MMR": {
      "region-code": 142,
      "region-name": "Asia",
      "sub-region-code": "035",
      "sub-region-name": "South-eastern Asia",
      "intermediate-region-code": null,
      "intermediate-region-name": null,
      "country-or-area": "Myanmar",
      "M49-code": 104,
      "iso-alpha2": "MM",
      "iso-alpha3": "MMR"
    },
    "PHL": {
      "region-code": 142,
      "region-name": "Asia",
      "sub-region-code": "035",
      "sub-region-name": "South-eastern Asia",
      "intermediate-region-code": null,
      "intermediate-region-name": null,
      "country-or-area": "Philippines",
      "M49-code": 608,
      "iso-alpha2": "PH",
      "iso-alpha3": "PHL"
    },
    "SGP": {
      "region-code": 142,
      "region-name": "Asia",
      "sub-region-code": "035",
      "sub-region-name": "South-eastern Asia",
      "intermediate-region-code": null,
      "intermediate-region-name": null,
      "country-or-area": "Singapore",
      "M49-code": 702,
      "iso-alpha2": "SG",
      "iso-alpha3": "SGP"
    },
    "THA": {
      "region-code": 142,
      "region-name": "Asia",
      "sub-region-code": "035",
      "sub-region-name": "South-eastern Asia",
      "intermediate-region-code": null,
      "intermediate-region-name": null,
      "country-or-area": "Thailand",
      "M49-code": 764,
      "iso-alpha2": "TH",
      "iso-alpha3": "THA"
    },
    "TLS": {
      "region-code": 142,
      "region-name": "Asia",
      "sub-region-code": "035",
      "sub-region-name": "South-eastern Asia",
      "intermediate-region-code": null,
      "intermediate-region-name": null,
      "country-or-area": "Timor-Leste",
      "M49-code": 626,
      "iso-alpha2": "TL",
      "iso-alpha3": "TLS"
    },
    "VNM": {
      "region-code": 142,
      "region-name": "Asia",
      "sub-region-code": "035",
      "sub-region-name": "South-eastern Asia",
      "intermediate-region-code": null,
      "intermediate-region-name": null,
      "country-or-area": "Viet Nam",
      "M49-code": 704,
      "iso-alpha2": "VN",
      "iso-alpha3": "VNM"
    },
    "AFG": {
      "region-code": 142,
      "region-name": "Asia",
      "sub-region-code": "034",
      "sub-region-name": "Southern Asia",
      "intermediate-region-code": null,
      "intermediate-region-name": null,
      "country-or-area": "Afghanistan",
      "M49-code": "004",
      "iso-alpha2": "AF",
      "iso-alpha3": "AFG"
    },
    "BGD": {
      "region-code": 142,
      "region-name": "Asia",
      "sub-region-code": "034",
      "sub-region-name": "Southern Asia",
      "intermediate-region-code": null,
      "intermediate-region-name": null,
      "country-or-area": "Bangladesh",
      "M49-code": "050",
      "iso-alpha2": "BD",
      "iso-alpha3": "BGD"
    },
    "BTN": {
      "region-code": 142,
      "region-name": "Asia",
      "sub-region-code": "034",
      "sub-region-name": "Southern Asia",
      "intermediate-region-code": null,
      "intermediate-region-name": null,
      "country-or-area": "Bhutan",
      "M49-code": "064",
      "iso-alpha2": "BT",
      "iso-alpha3": "BTN"
    },
    "IND": {
      "region-code": 142,
      "region-name": "Asia",
      "sub-region-code": "034",
      "sub-region-name": "Southern Asia",
      "intermediate-region-code": null,
      "intermediate-region-name": null,
      "country-or-area": "India",
      "M49-code": 356,
      "iso-alpha2": "IN",
      "iso-alpha3": "IND"
    },
    "IRN": {
      "region-code": 142,
      "region-name": "Asia",
      "sub-region-code": "034",
      "sub-region-name": "Southern Asia",
      "intermediate-region-code": null,
      "intermediate-region-name": null,
      "country-or-area": "Iran (Islamic Republic of)",
      "M49-code": 364,
      "iso-alpha2": "IR",
      "iso-alpha3": "IRN"
    },
    "MDV": {
      "region-code": 142,
      "region-name": "Asia",
      "sub-region-code": "034",
      "sub-region-name": "Southern Asia",
      "intermediate-region-code": null,
      "intermediate-region-name": null,
      "country-or-area": "Maldives",
      "M49-code": 462,
      "iso-alpha2": "MV",
      "iso-alpha3": "MDV"
    },
    "NPL": {
      "region-code": 142,
      "region-name": "Asia",
      "sub-region-code": "034",
      "sub-region-name": "Southern Asia",
      "intermediate-region-code": null,
      "intermediate-region-name": null,
      "country-or-area": "Nepal",
      "M49-code": 524,
      "iso-alpha2": "NP",
      "iso-alpha3": "NPL"
    },
    "PAK": {
      "region-code": 142,
      "region-name": "Asia",
      "sub-region-code": "034",
      "sub-region-name": "Southern Asia",
      "intermediate-region-code": null,
      "intermediate-region-name": null,
      "country-or-area": "Pakistan",
      "M49-code": 586,
      "iso-alpha2": "PK",
      "iso-alpha3": "PAK"
    },
    "LKA": {
      "region-code": 142,
      "region-name": "Asia",
      "sub-region-code": "034",
      "sub-region-name": "Southern Asia",
      "intermediate-region-code": null,
      "intermediate-region-name": null,
      "country-or-area": "Sri Lanka",
      "M49-code": 144,
      "iso-alpha2": "LK",
      "iso-alpha3": "LKA"
    },
    "ARM": {
      "region-code": 142,
      "region-name": "Asia",
      "sub-region-code": 145,
      "sub-region-name": "Western Asia",
      "intermediate-region-code": null,
      "intermediate-region-name": null,
      "country-or-area": "Armenia",
      "M49-code": "051",
      "iso-alpha2": "AM",
      "iso-alpha3": "ARM"
    },
    "AZE": {
      "region-code": 142,
      "region-name": "Asia",
      "sub-region-code": 145,
      "sub-region-name": "Western Asia",
      "intermediate-region-code": null,
      "intermediate-region-name": null,
      "country-or-area": "Azerbaijan",
      "M49-code": "031",
      "iso-alpha2": "AZ",
      "iso-alpha3": "AZE"
    },
    "BHR": {
      "region-code": 142,
      "region-name": "Asia",
      "sub-region-code": 145,
      "sub-region-name": "Western Asia",
      "intermediate-region-code": null,
      "intermediate-region-name": null,
      "country-or-area": "Bahrain",
      "M49-code": "048",
      "iso-alpha2": "BH",
      "iso-alpha3": "BHR"
    },
    "CYP": {
      "region-code": 142,
      "region-name": "Asia",
      "sub-region-code": 145,
      "sub-region-name": "Western Asia",
      "intermediate-region-code": null,
      "intermediate-region-name": null,
      "country-or-area": "Cyprus",
      "M49-code": 196,
      "iso-alpha2": "CY",
      "iso-alpha3": "CYP"
    },
    "GEO": {
      "region-code": 142,
      "region-name": "Asia",
      "sub-region-code": 145,
      "sub-region-name": "Western Asia",
      "intermediate-region-code": null,
      "intermediate-region-name": null,
      "country-or-area": "Georgia",
      "M49-code": 268,
      "iso-alpha2": "GE",
      "iso-alpha3": "GEO"
    },
    "IRQ": {
      "region-code": 142,
      "region-name": "Asia",
      "sub-region-code": 145,
      "sub-region-name": "Western Asia",
      "intermediate-region-code": null,
      "intermediate-region-name": null,
      "country-or-area": "Iraq",
      "M49-code": 368,
      "iso-alpha2": "IQ",
      "iso-alpha3": "IRQ"
    },
    "ISR": {
      "region-code": 142,
      "region-name": "Asia",
      "sub-region-code": 145,
      "sub-region-name": "Western Asia",
      "intermediate-region-code": null,
      "intermediate-region-name": null,
      "country-or-area": "Israel",
      "M49-code": 376,
      "iso-alpha2": "IL",
      "iso-alpha3": "ISR"
    },
    "JOR": {
      "region-code": 142,
      "region-name": "Asia",
      "sub-region-code": 145,
      "sub-region-name": "Western Asia",
      "intermediate-region-code": null,
      "intermediate-region-name": null,
      "country-or-area": "Jordan",
      "M49-code": 400,
      "iso-alpha2": "JO",
      "iso-alpha3": "JOR"
    },
    "KWT": {
      "region-code": 142,
      "region-name": "Asia",
      "sub-region-code": 145,
      "sub-region-name": "Western Asia",
      "intermediate-region-code": null,
      "intermediate-region-name": null,
      "country-or-area": "Kuwait",
      "M49-code": 414,
      "iso-alpha2": "KW",
      "iso-alpha3": "KWT"
    },
    "LBN": {
      "region-code": 142,
      "region-name": "Asia",
      "sub-region-code": 145,
      "sub-region-name": "Western Asia",
      "intermediate-region-code": null,
      "intermediate-region-name": null,
      "country-or-area": "Lebanon",
      "M49-code": 422,
      "iso-alpha2": "LB",
      "iso-alpha3": "LBN"
    },
    "OMN": {
      "region-code": 142,
      "region-name": "Asia",
      "sub-region-code": 145,
      "sub-region-name": "Western Asia",
      "intermediate-region-code": null,
      "intermediate-region-name": null,
      "country-or-area": "Oman",
      "M49-code": 512,
      "iso-alpha2": "OM",
      "iso-alpha3": "OMN"
    },
    "QAT": {
      "region-code": 142,
      "region-name": "Asia",
      "sub-region-code": 145,
      "sub-region-name": "Western Asia",
      "intermediate-region-code": null,
      "intermediate-region-name": null,
      "country-or-area": "Qatar",
      "M49-code": 634,
      "iso-alpha2": "QA",
      "iso-alpha3": "QAT"
    },
    "SAU": {
      "region-code": 142,
      "region-name": "Asia",
      "sub-region-code": 145,
      "sub-region-name": "Western Asia",
      "intermediate-region-code": null,
      "intermediate-region-name": null,
      "country-or-area": "Saudi Arabia",
      "M49-code": 682,
      "iso-alpha2": "SA",
      "iso-alpha3": "SAU"
    },
    "PSE": {
      "region-code": 142,
      "region-name": "Asia",
      "sub-region-code": 145,
      "sub-region-name": "Western Asia",
      "intermediate-region-code": null,
      "intermediate-region-name": null,
      "country-or-area": "State of Palestine",
      "M49-code": 275,
      "iso-alpha2": "PS",
      "iso-alpha3": "PSE"
    },
    "SYR": {
      "region-code": 142,
      "region-name": "Asia",
      "sub-region-code": 145,
      "sub-region-name": "Western Asia",
      "intermediate-region-code": null,
      "intermediate-region-name": null,
      "country-or-area": "Syrian Arab Republic",
      "M49-code": 760,
      "iso-alpha2": "SY",
      "iso-alpha3": "SYR"
    },
    "TUR": {
      "region-code": 142,
      "region-name": "Asia",
      "sub-region-code": 145,
      "sub-region-name": "Western Asia",
      "intermediate-region-code": null,
      "intermediate-region-name": null,
      "country-or-area": "Türkiye",
      "M49-code": 792,
      "iso-alpha2": "TR",
      "iso-alpha3": "TUR"
    },
    "ARE": {
      "region-code": 142,
      "region-name": "Asia",
      "sub-region-code": 145,
      "sub-region-name": "Western Asia",
      "intermediate-region-code": null,
      "intermediate-region-name": null,
      "country-or-area": "United Arab Emirates",
      "M49-code": 784,
      "iso-alpha2": "AE",
      "iso-alpha3": "ARE"
    },
    "YEM": {
      "region-code": 142,
      "region-name": "Asia",
      "sub-region-code": 145,
      "sub-region-name": "Western Asia",
      "intermediate-region-code": null,
      "intermediate-region-name": null,
      "country-or-area": "Yemen",
      "M49-code": 887,
      "iso-alpha2": "YE",
      "iso-alpha3": "YEM"
    },
    "BLR": {
      "region-code": 150,
      "region-name": "Europe",
      "sub-region-code": 151,
      "sub-region-name": "Eastern Europe",
      "intermediate-region-code": null,
      "intermediate-region-name": null,
      "country-or-area": "Belarus",
      "M49-code": 112,
      "iso-alpha2": "BY",
      "iso-alpha3": "BLR"
    },
    "BGR": {
      "region-code": 150,
      "region-name": "Europe",
      "sub-region-code": 151,
      "sub-region-name": "Eastern Europe",
      "intermediate-region-code": null,
      "intermediate-region-name": null,
      "country-or-area": "Bulgaria",
      "M49-code": 100,
      "iso-alpha2": "BG",
      "iso-alpha3": "BGR"
    },
    "CZE": {
      "region-code": 150,
      "region-name": "Europe",
      "sub-region-code": 151,
      "sub-region-name": "Eastern Europe",
      "intermediate-region-code": null,
      "intermediate-region-name": null,
      "country-or-area": "Czechia",
      "M49-code": 203,
      "iso-alpha2": "CZ",
      "iso-alpha3": "CZE"
    },
    "HUN": {
      "region-code": 150,
      "region-name": "Europe",
      "sub-region-code": 151,
      "sub-region-name": "Eastern Europe",
      "intermediate-region-code": null,
      "intermediate-region-name": null,
      "country-or-area": "Hungary",
      "M49-code": 348,
      "iso-alpha2": "HU",
      "iso-alpha3": "HUN"
    },
    "POL": {
      "region-code": 150,
      "region-name": "Europe",
      "sub-region-code": 151,
      "sub-region-name": "Eastern Europe",
      "intermediate-region-code": null,
      "intermediate-region-name": null,
      "country-or-area": "Poland",
      "M49-code": 616,
      "iso-alpha2": "PL",
      "iso-alpha3": "POL"
    },
    "MDA": {
      "region-code": 150,
      "region-name": "Europe",
      "sub-region-code": 151,
      "sub-region-name": "Eastern Europe",
      "intermediate-region-code": null,
      "intermediate-region-name": null,
      "country-or-area": "Republic of Moldova",
      "M49-code": 498,
      "iso-alpha2": "MD",
      "iso-alpha3": "MDA"
    },
    "ROU": {
      "region-code": 150,
      "region-name": "Europe",
      "sub-region-code": 151,
      "sub-region-name": "Eastern Europe",
      "intermediate-region-code": null,
      "intermediate-region-name": null,
      "country-or-area": "Romania",
      "M49-code": 642,
      "iso-alpha2": "RO",
      "iso-alpha3": "ROU"
    },
    "RUS": {
      "region-code": 150,
      "region-name": "Europe",
      "sub-region-code": 151,
      "sub-region-name": "Eastern Europe",
      "intermediate-region-code": null,
      "intermediate-region-name": null,
      "country-or-area": "Russian Federation",
      "M49-code": 643,
      "iso-alpha2": "RU",
      "iso-alpha3": "RUS"
    },
    "SVK": {
      "region-code": 150,
      "region-name": "Europe",
      "sub-region-code": 151,
      "sub-region-name": "Eastern Europe",
      "intermediate-region-code": null,
      "intermediate-region-name": null,
      "country-or-area": "Slovakia",
      "M49-code": 703,
      "iso-alpha2": "SK",
      "iso-alpha3": "SVK"
    },
    "UKR": {
      "region-code": 150,
      "region-name": "Europe",
      "sub-region-code": 151,
      "sub-region-name": "Eastern Europe",
      "intermediate-region-code": null,
      "intermediate-region-name": null,
      "country-or-area": "Ukraine",
      "M49-code": 804,
      "iso-alpha2": "UA",
      "iso-alpha3": "UKR"
    },
    "ALA": {
      "region-code": 150,
      "region-name": "Europe",
      "sub-region-code": 154,
      "sub-region-name": "Northern Europe",
      "intermediate-region-code": null,
      "intermediate-region-name": null,
      "country-or-area": "Åland Islands",
      "M49-code": 248,
      "iso-alpha2": "AX",
      "iso-alpha3": "ALA"
    },
    "GGY": {
      "region-code": 150,
      "region-name": "Europe",
      "sub-region-code": 154,
      "sub-region-name": "Northern Europe",
      "intermediate-region-code": 830,
      "intermediate-region-name": "Channel Islands",
      "country-or-area": "Guernsey",
      "M49-code": 831,
      "iso-alpha2": "GG",
      "iso-alpha3": "GGY"
    },
    "JEY": {
      "region-code": 150,
      "region-name": "Europe",
      "sub-region-code": 154,
      "sub-region-name": "Northern Europe",
      "intermediate-region-code": 830,
      "intermediate-region-name": "Channel Islands",
      "country-or-area": "Jersey",
      "M49-code": 832,
      "iso-alpha2": "JE",
      "iso-alpha3": "JEY"
    },
    "DNK": {
      "region-code": 150,
      "region-name": "Europe",
      "sub-region-code": 154,
      "sub-region-name": "Northern Europe",
      "intermediate-region-code": null,
      "intermediate-region-name": null,
      "country-or-area": "Denmark",
      "M49-code": 208,
      "iso-alpha2": "DK",
      "iso-alpha3": "DNK"
    },
    "EST": {
      "region-code": 150,
      "region-name": "Europe",
      "sub-region-code": 154,
      "sub-region-name": "Northern Europe",
      "intermediate-region-code": null,
      "intermediate-region-name": null,
      "country-or-area": "Estonia",
      "M49-code": 233,
      "iso-alpha2": "EE",
      "iso-alpha3": "EST"
    },
    "FRO": {
      "region-code": 150,
      "region-name": "Europe",
      "sub-region-code": 154,
      "sub-region-name": "Northern Europe",
      "intermediate-region-code": null,
      "intermediate-region-name": null,
      "country-or-area": "Faroe Islands",
      "M49-code": 234,
      "iso-alpha2": "FO",
      "iso-alpha3": "FRO"
    },
    "FIN": {
      "region-code": 150,
      "region-name": "Europe",
      "sub-region-code": 154,
      "sub-region-name": "Northern Europe",
      "intermediate-region-code": null,
      "intermediate-region-name": null,
      "country-or-area": "Finland",
      "M49-code": 246,
      "iso-alpha2": "FI",
      "iso-alpha3": "FIN"
    },
    "ISL": {
      "region-code": 150,
      "region-name": "Europe",
      "sub-region-code": 154,
      "sub-region-name": "Northern Europe",
      "intermediate-region-code": null,
      "intermediate-region-name": null,
      "country-or-area": "Iceland",
      "M49-code": 352,
      "iso-alpha2": "IS",
      "iso-alpha3": "ISL"
    },
    "IRL": {
      "region-code": 150,
      "region-name": "Europe",
      "sub-region-code": 154,
      "sub-region-name": "Northern Europe",
      "intermediate-region-code": null,
      "intermediate-region-name": null,
      "country-or-area": "Ireland",
      "M49-code": 372,
      "iso-alpha2": "IE",
      "iso-alpha3": "IRL"
    },
    "IMN": {
      "region-code": 150,
      "region-name": "Europe",
      "sub-region-code": 154,
      "sub-region-name": "Northern Europe",
      "intermediate-region-code": null,
      "intermediate-region-name": null,
      "country-or-area": "Isle of Man",
      "M49-code": 833,
      "iso-alpha2": "IM",
      "iso-alpha3": "IMN"
    },
    "LVA": {
      "region-code": 150,
      "region-name": "Europe",
      "sub-region-code": 154,
      "sub-region-name": "Northern Europe",
      "intermediate-region-code": null,
      "intermediate-region-name": null,
      "country-or-area": "Latvia",
      "M49-code": 428,
      "iso-alpha2": "LV",
      "iso-alpha3": "LVA"
    },
    "LTU": {
      "region-code": 150,
      "region-name": "Europe",
      "sub-region-code": 154,
      "sub-region-name": "Northern Europe",
      "intermediate-region-code": null,
      "intermediate-region-name": null,
      "country-or-area": "Lithuania",
      "M49-code": 440,
      "iso-alpha2": "LT",
      "iso-alpha3": "LTU"
    },
    "NOR": {
      "region-code": 150,
      "region-name": "Europe",
      "sub-region-code": 154,
      "sub-region-name": "Northern Europe",
      "intermediate-region-code": null,
      "intermediate-region-name": null,
      "country-or-area": "Norway",
      "M49-code": 578,
      "iso-alpha2": "NO",
      "iso-alpha3": "NOR"
    },
    "SJM": {
      "region-code": 150,
      "region-name": "Europe",
      "sub-region-code": 154,
      "sub-region-name": "Northern Europe",
      "intermediate-region-code": null,
      "intermediate-region-name": null,
      "country-or-area": "Svalbard and Jan Mayen Islands",
      "M49-code": 744,
      "iso-alpha2": "SJ",
      "iso-alpha3": "SJM"
    },
    "SWE": {
      "region-code": 150,
      "region-name": "Europe",
      "sub-region-code": 154,
      "sub-region-name": "Northern Europe",
      "intermediate-region-code": null,
      "intermediate-region-name": null,
      "country-or-area": "Sweden",
      "M49-code": 752,
      "iso-alpha2": "SE",
      "iso-alpha3": "SWE"
    },
    "GBR": {
      "region-code": 150,
      "region-name": "Europe",
      "sub-region-code": 154,
      "sub-region-name": "Northern Europe",
      "intermediate-region-code": null,
      "intermediate-region-name": null,
      "country-or-area": "United Kingdom of Great Britain and Northern Ireland",
      "M49-code": 826,
      "iso-alpha2": "GB",
      "iso-alpha3": "GBR"
    },
    "ALB": {
      "region-code": 150,
      "region-name": "Europe",
      "sub-region-code": "039",
      "sub-region-name": "Southern Europe",
      "intermediate-region-code": null,
      "intermediate-region-name": null,
      "country-or-area": "Albania",
      "M49-code": "008",
      "iso-alpha2": "AL",
      "iso-alpha3": "ALB"
    },
    "AND": {
      "region-code": 150,
      "region-name": "Europe",
      "sub-region-code": "039",
      "sub-region-name": "Southern Europe",
      "intermediate-region-code": null,
      "intermediate-region-name": null,
      "country-or-area": "Andorra",
      "M49-code": "020",
      "iso-alpha2": "AD",
      "iso-alpha3": "AND"
    },
    "BIH": {
      "region-code": 150,
      "region-name": "Europe",
      "sub-region-code": "039",
      "sub-region-name": "Southern Europe",
      "intermediate-region-code": null,
      "intermediate-region-name": null,
      "country-or-area": "Bosnia and Herzegovina",
      "M49-code": "070",
      "iso-alpha2": "BA",
      "iso-alpha3": "BIH"
    },
    "HRV": {
      "region-code": 150,
      "region-name": "Europe",
      "sub-region-code": "039",
      "sub-region-name": "Southern Europe",
      "intermediate-region-code": null,
      "intermediate-region-name": null,
      "country-or-area": "Croatia",
      "M49-code": 191,
      "iso-alpha2": "HR",
      "iso-alpha3": "HRV"
    },
    "GIB": {
      "region-code": 150,
      "region-name": "Europe",
      "sub-region-code": "039",
      "sub-region-name": "Southern Europe",
      "intermediate-region-code": null,
      "intermediate-region-name": null,
      "country-or-area": "Gibraltar",
      "M49-code": 292,
      "iso-alpha2": "GI",
      "iso-alpha3": "GIB"
    },
    "GRC": {
      "region-code": 150,
      "region-name": "Europe",
      "sub-region-code": "039",
      "sub-region-name": "Southern Europe",
      "intermediate-region-code": null,
      "intermediate-region-name": null,
      "country-or-area": "Greece",
      "M49-code": 300,
      "iso-alpha2": "GR",
      "iso-alpha3": "GRC"
    },
    "VAT": {
      "region-code": 150,
      "region-name": "Europe",
      "sub-region-code": "039",
      "sub-region-name": "Southern Europe",
      "intermediate-region-code": null,
      "intermediate-region-name": null,
      "country-or-area": "Holy See",
      "M49-code": 336,
      "iso-alpha2": "VA",
      "iso-alpha3": "VAT"
    },
    "ITA": {
      "region-code": 150,
      "region-name": "Europe",
      "sub-region-code": "039",
      "sub-region-name": "Southern Europe",
      "intermediate-region-code": null,
      "intermediate-region-name": null,
      "country-or-area": "Italy",
      "M49-code": 380,
      "iso-alpha2": "IT",
      "iso-alpha3": "ITA"
    },
    "MLT": {
      "region-code": 150,
      "region-name": "Europe",
      "sub-region-code": "039",
      "sub-region-name": "Southern Europe",
      "intermediate-region-code": null,
      "intermediate-region-name": null,
      "country-or-area": "Malta",
      "M49-code": 470,
      "iso-alpha2": "MT",
      "iso-alpha3": "MLT"
    },
    "MNE": {
      "region-code": 150,
      "region-name": "Europe",
      "sub-region-code": "039",
      "sub-region-name": "Southern Europe",
      "intermediate-region-code": null,
      "intermediate-region-name": null,
      "country-or-area": "Montenegro",
      "M49-code": 499,
      "iso-alpha2": "ME",
      "iso-alpha3": "MNE"
    },
    "MKD": {
      "region-code": 150,
      "region-name": "Europe",
      "sub-region-code": "039",
      "sub-region-name": "Southern Europe",
      "intermediate-region-code": null,
      "intermediate-region-name": null,
      "country-or-area": "North Macedonia",
      "M49-code": 807,
      "iso-alpha2": "MK",
      "iso-alpha3": "MKD"
    },
    "PRT": {
      "region-code": 150,
      "region-name": "Europe",
      "sub-region-code": "039",
      "sub-region-name": "Southern Europe",
      "intermediate-region-code": null,
      "intermediate-region-name": null,
      "country-or-area": "Portugal",
      "M49-code": 620,
      "iso-alpha2": "PT",
      "iso-alpha3": "PRT"
    },
    "SMR": {
      "region-code": 150,
      "region-name": "Europe",
      "sub-region-code": "039",
      "sub-region-name": "Southern Europe",
      "intermediate-region-code": null,
      "intermediate-region-name": null,
      "country-or-area": "San Marino",
      "M49-code": 674,
      "iso-alpha2": "SM",
      "iso-alpha3": "SMR"
    },
    "SRB": {
      "region-code": 150,
      "region-name": "Europe",
      "sub-region-code": "039",
      "sub-region-name": "Southern Europe",
      "intermediate-region-code": null,
      "intermediate-region-name": null,
      "country-or-area": "Serbia",
      "M49-code": 688,
      "iso-alpha2": "RS",
      "iso-alpha3": "SRB"
    },
    "SVN": {
      "region-code": 150,
      "region-name": "Europe",
      "sub-region-code": "039",
      "sub-region-name": "Southern Europe",
      "intermediate-region-code": null,
      "intermediate-region-name": null,
      "country-or-area": "Slovenia",
      "M49-code": 705,
      "iso-alpha2": "SI",
      "iso-alpha3": "SVN"
    },
    "ESP": {
      "region-code": 150,
      "region-name": "Europe",
      "sub-region-code": "039",
      "sub-region-name": "Southern Europe",
      "intermediate-region-code": null,
      "intermediate-region-name": null,
      "country-or-area": "Spain",
      "M49-code": 724,
      "iso-alpha2": "ES",
      "iso-alpha3": "ESP"
    },
    "AUT": {
      "region-code": 150,
      "region-name": "Europe",
      "sub-region-code": 155,
      "sub-region-name": "Western Europe",
      "intermediate-region-code": null,
      "intermediate-region-name": null,
      "country-or-area": "Austria",
      "M49-code": "040",
      "iso-alpha2": "AT",
      "iso-alpha3": "AUT"
    },
    "BEL": {
      "region-code": 150,
      "region-name": "Europe",
      "sub-region-code": 155,
      "sub-region-name": "Western Europe",
      "intermediate-region-code": null,
      "intermediate-region-name": null,
      "country-or-area": "Belgium",
      "M49-code": "056",
      "iso-alpha2": "BE",
      "iso-alpha3": "BEL"
    },
    "FRA": {
      "region-code": 150,
      "region-name": "Europe",
      "sub-region-code": 155,
      "sub-region-name": "Western Europe",
      "intermediate-region-code": null,
      "intermediate-region-name": null,
      "country-or-area": "France",
      "M49-code": 250,
      "iso-alpha2": "FR",
      "iso-alpha3": "FRA"
    },
    "DEU": {
      "region-code": 150,
      "region-name": "Europe",
      "sub-region-code": 155,
      "sub-region-name": "Western Europe",
      "intermediate-region-code": null,
      "intermediate-region-name": null,
      "country-or-area": "Germany",
      "M49-code": 276,
      "iso-alpha2": "DE",
      "iso-alpha3": "DEU"
    },
    "LIE": {
      "region-code": 150,
      "region-name": "Europe",
      "sub-region-code": 155,
      "sub-region-name": "Western Europe",
      "intermediate-region-code": null,
      "intermediate-region-name": null,
      "country-or-area": "Liechtenstein",
      "M49-code": 438,
      "iso-alpha2": "LI",
      "iso-alpha3": "LIE"
    },
    "LUX": {
      "region-code": 150,
      "region-name": "Europe",
      "sub-region-code": 155,
      "sub-region-name": "Western Europe",
      "intermediate-region-code": null,
      "intermediate-region-name": null,
      "country-or-area": "Luxembourg",
      "M49-code": 442,
      "iso-alpha2": "LU",
      "iso-alpha3": "LUX"
    },
    "MCO": {
      "region-code": 150,
      "region-name": "Europe",
      "sub-region-code": 155,
      "sub-region-name": "Western Europe",
      "intermediate-region-code": null,
      "intermediate-region-name": null,
      "country-or-area": "Monaco",
      "M49-code": 492,
      "iso-alpha2": "MC",
      "iso-alpha3": "MCO"
    },
    "NLD": {
      "region-code": 150,
      "region-name": "Europe",
      "sub-region-code": 155,
      "sub-region-name": "Western Europe",
      "intermediate-region-code": null,
      "intermediate-region-name": null,
      "country-or-area": "Netherlands (Kingdom of the)",
      "M49-code": 528,
      "iso-alpha2": "NL",
      "iso-alpha3": "NLD"
    },
    "CHE": {
      "region-code": 150,
      "region-name": "Europe",
      "sub-region-code": 155,
      "sub-region-name": "Western Europe",
      "intermediate-region-code": null,
      "intermediate-region-name": null,
      "country-or-area": "Switzerland",
      "M49-code": 756,
      "iso-alpha2": "CH",
      "iso-alpha3": "CHE"
    },
    "AUS": {
      "region-code": "009",
      "region-name": "Oceania",
      "sub-region-code": "053",
      "sub-region-name": "Australia and New Zealand",
      "intermediate-region-code": null,
      "intermediate-region-name": null,
      "country-or-area": "Australia",
      "M49-code": "036",
      "iso-alpha2": "AU",
      "iso-alpha3": "AUS"
    },
    "CXR": {
      "region-code": "009",
      "region-name": "Oceania",
      "sub-region-code": "053",
      "sub-region-name": "Australia and New Zealand",
      "intermediate-region-code": null,
      "intermediate-region-name": null,
      "country-or-area": "Christmas Island",
      "M49-code": 162,
      "iso-alpha2": "CX",
      "iso-alpha3": "CXR"
    },
    "CCK": {
      "region-code": "009",
      "region-name": "Oceania",
      "sub-region-code": "053",
      "sub-region-name": "Australia and New Zealand",
      "intermediate-region-code": null,
      "intermediate-region-name": null,
      "country-or-area": "Cocos (Keeling) Islands",
      "M49-code": 166,
      "iso-alpha2": "CC",
      "iso-alpha3": "CCK"
    },
    "HMD": {
      "region-code": "009",
      "region-name": "Oceania",
      "sub-region-code": "053",
      "sub-region-name": "Australia and New Zealand",
      "intermediate-region-code": null,
      "intermediate-region-name": null,
      "country-or-area": "Heard Island and McDonald Islands",
      "M49-code": 334,
      "iso-alpha2": "HM",
      "iso-alpha3": "HMD"
    },
    "NZL": {
      "region-code": "009",
      "region-name": "Oceania",
      "sub-region-code": "053",
      "sub-region-name": "Australia and New Zealand",
      "intermediate-region-code": null,
      "intermediate-region-name": null,
      "country-or-area": "New Zealand",
      "M49-code": 554,
      "iso-alpha2": "NZ",
      "iso-alpha3": "NZL"
    },
    "NFK": {
      "region-code": "009",
      "region-name": "Oceania",
      "sub-region-code": "053",
      "sub-region-name": "Australia and New Zealand",
      "intermediate-region-code": null,
      "intermediate-region-name": null,
      "country-or-area": "Norfolk Island",
      "M49-code": 574,
      "iso-alpha2": "NF",
      "iso-alpha3": "NFK"
    },
    "FJI": {
      "region-code": "009",
      "region-name": "Oceania",
      "sub-region-code": "054",
      "sub-region-name": "Melanesia",
      "intermediate-region-code": null,
      "intermediate-region-name": null,
      "country-or-area": "Fiji",
      "M49-code": 242,
      "iso-alpha2": "FJ",
      "iso-alpha3": "FJI"
    },
    "NCL": {
      "region-code": "009",
      "region-name": "Oceania",
      "sub-region-code": "054",
      "sub-region-name": "Melanesia",
      "intermediate-region-code": null,
      "intermediate-region-name": null,
      "country-or-area": "New Caledonia",
      "M49-code": 540,
      "iso-alpha2": "NC",
      "iso-alpha3": "NCL"
    },
    "PNG": {
      "region-code": "009",
      "region-name": "Oceania",
      "sub-region-code": "054",
      "sub-region-name": "Melanesia",
      "intermediate-region-code": null,
      "intermediate-region-name": null,
      "country-or-area": "Papua New Guinea",
      "M49-code": 598,
      "iso-alpha2": "PG",
      "iso-alpha3": "PNG"
    },
    "SLB": {
      "region-code": "009",
      "region-name": "Oceania",
      "sub-region-code": "054",
      "sub-region-name": "Melanesia",
      "intermediate-region-code": null,
      "intermediate-region-name": null,
      "country-or-area": "Solomon Islands",
      "M49-code": "090",
      "iso-alpha2": "SB",
      "iso-alpha3": "SLB"
    },
    "VUT": {
      "region-code": "009",
      "region-name": "Oceania",
      "sub-region-code": "054",
      "sub-region-name": "Melanesia",
      "intermediate-region-code": null,
      "intermediate-region-name": null,
      "country-or-area": "Vanuatu",
      "M49-code": 548,
      "iso-alpha2": "VU",
      "iso-alpha3": "VUT"
    },
    "GUM": {
      "region-code": "009",
      "region-name": "Oceania",
      "sub-region-code": "057",
      "sub-region-name": "Micronesia",
      "intermediate-region-code": null,
      "intermediate-region-name": null,
      "country-or-area": "Guam",
      "M49-code": 316,
      "iso-alpha2": "GU",
      "iso-alpha3": "GUM"
    },
    "KIR": {
      "region-code": "009",
      "region-name": "Oceania",
      "sub-region-code": "057",
      "sub-region-name": "Micronesia",
      "intermediate-region-code": null,
      "intermediate-region-name": null,
      "country-or-area": "Kiribati",
      "M49-code": 296,
      "iso-alpha2": "KI",
      "iso-alpha3": "KIR"
    },
    "MHL": {
      "region-code": "009",
      "region-name": "Oceania",
      "sub-region-code": "057",
      "sub-region-name": "Micronesia",
      "intermediate-region-code": null,
      "intermediate-region-name": null,
      "country-or-area": "Marshall Islands",
      "M49-code": 584,
      "iso-alpha2": "MH",
      "iso-alpha3": "MHL"
    },
    "FSM": {
      "region-code": "009",
      "region-name": "Oceania",
      "sub-region-code": "057",
      "sub-region-name": "Micronesia",
      "intermediate-region-code": null,
      "intermediate-region-name": null,
      "country-or-area": "Micronesia (Federated States of)",
      "M49-code": 583,
      "iso-alpha2": "FM",
      "iso-alpha3": "FSM"
    },
    "NRU": {
      "region-code": "009",
      "region-name": "Oceania",
      "sub-region-code": "057",
      "sub-region-name": "Micronesia",
      "intermediate-region-code": null,
      "intermediate-region-name": null,
      "country-or-area": "Nauru",
      "M49-code": 520,
      "iso-alpha2": "NR",
      "iso-alpha3": "NRU"
    },
    "MNP": {
      "region-code": "009",
      "region-name": "Oceania",
      "sub-region-code": "057",
      "sub-region-name": "Micronesia",
      "intermediate-region-code": null,
      "intermediate-region-name": null,
      "country-or-area": "Northern Mariana Islands",
      "M49-code": 580,
      "iso-alpha2": "MP",
      "iso-alpha3": "MNP"
    },
    "PLW": {
      "region-code": "009",
      "region-name": "Oceania",
      "sub-region-code": "057",
      "sub-region-name": "Micronesia",
      "intermediate-region-code": null,
      "intermediate-region-name": null,
      "country-or-area": "Palau",
      "M49-code": 585,
      "iso-alpha2": "PW",
      "iso-alpha3": "PLW"
    },
    "UMI": {
      "region-code": "009",
      "region-name": "Oceania",
      "sub-region-code": "057",
      "sub-region-name": "Micronesia",
      "intermediate-region-code": null,
      "intermediate-region-name": null,
      "country-or-area": "United States Minor Outlying Islands",
      "M49-code": 581,
      "iso-alpha2": "UM",
      "iso-alpha3": "UMI"
    },
    "ASM": {
      "region-code": "009",
      "region-name": "Oceania",
      "sub-region-code": "061",
      "sub-region-name": "Polynesia",
      "intermediate-region-code": null,
      "intermediate-region-name": null,
      "country-or-area": "American Samoa",
      "M49-code": "016",
      "iso-alpha2": "AS",
      "iso-alpha3": "ASM"
    },
    "COK": {
      "region-code": "009",
      "region-name": "Oceania",
      "sub-region-code": "061",
      "sub-region-name": "Polynesia",
      "intermediate-region-code": null,
      "intermediate-region-name": null,
      "country-or-area": "Cook Islands",
      "M49-code": 184,
      "iso-alpha2": "CK",
      "iso-alpha3": "COK"
    },
    "PYF": {
      "region-code": "009",
      "region-name": "Oceania",
      "sub-region-code": "061",
      "sub-region-name": "Polynesia",
      "intermediate-region-code": null,
      "intermediate-region-name": null,
      "country-or-area": "French Polynesia",
      "M49-code": 258,
      "iso-alpha2": "PF",
      "iso-alpha3": "PYF"
    },
    "NIU": {
      "region-code": "009",
      "region-name": "Oceania",
      "sub-region-code": "061",
      "sub-region-name": "Polynesia",
      "intermediate-region-code": null,
      "intermediate-region-name": null,
      "country-or-area": "Niue",
      "M49-code": 570,
      "iso-alpha2": "NU",
      "iso-alpha3": "NIU"
    },
    "PCN": {
      "region-code": "009",
      "region-name": "Oceania",
      "sub-region-code": "061",
      "sub-region-name": "Polynesia",
      "intermediate-region-code": null,
      "intermediate-region-name": null,
      "country-or-area": "Pitcairn",
      "M49-code": 612,
      "iso-alpha2": "PN",
      "iso-alpha3": "PCN"
    },
    "WSM": {
      "region-code": "009",
      "region-name": "Oceania",
      "sub-region-code": "061",
      "sub-region-name": "Polynesia",
      "intermediate-region-code": null,
      "intermediate-region-name": null,
      "country-or-area": "Samoa",
      "M49-code": 882,
      "iso-alpha2": "WS",
      "iso-alpha3": "WSM"
    },
    "TKL": {
      "region-code": "009",
      "region-name": "Oceania",
      "sub-region-code": "061",
      "sub-region-name": "Polynesia",
      "intermediate-region-code": null,
      "intermediate-region-name": null,
      "country-or-area": "Tokelau",
      "M49-code": 772,
      "iso-alpha2": "TK",
      "iso-alpha3": "TKL"
    },
    "TON": {
      "region-code": "009",
      "region-name": "Oceania",
      "sub-region-code": "061",
      "sub-region-name": "Polynesia",
      "intermediate-region-code": null,
      "intermediate-region-name": null,
      "country-or-area": "Tonga",
      "M49-code": 776,
      "iso-alpha2": "TO",
      "iso-alpha3": "TON"
    },
    "TUV": {
      "region-code": "009",
      "region-name": "Oceania",
      "sub-region-code": "061",
      "sub-region-name": "Polynesia",
      "intermediate-region-code": null,
      "intermediate-region-name": null,
      "country-or-area": "Tuvalu",
      "M49-code": 798,
      "iso-alpha2": "TV",
      "iso-alpha3": "TUV"
    },
    "WLF": {
      "region-code": "009",
      "region-name": "Oceania",
      "sub-region-code": "061",
      "sub-region-name": "Polynesia",
      "intermediate-region-code": null,
      "intermediate-region-name": null,
      "country-or-area": "Wallis and Futuna Islands",
      "M49-code": 876,
      "iso-alpha2": "WF",
      "iso-alpha3": "WLF"
    }
}